PRAGMA foreign_keys=OFF;
BEGIN TRANSACTION;
CREATE TABLE alembic_version (
	version_num VARCHAR(32) NOT NULL, 
	CONSTRAINT alembic_version_pkc PRIMARY KEY (version_num)
);
INSERT INTO alembic_version VALUES('fc79b18fe85f');
CREATE TABLE materia (
	id_materia INTEGER NOT NULL, 
	nome VARCHAR(150), 
	PRIMARY KEY (id_materia)
);
INSERT INTO materia VALUES(1,'matematica');
INSERT INTO materia VALUES(2,'portugues');
INSERT INTO materia VALUES(3,'fisica');
INSERT INTO materia VALUES(4,'quimica');
INSERT INTO materia VALUES(5,'biologia');
INSERT INTO materia VALUES(6,'geografia');
INSERT INTO materia VALUES(7,'historia');
INSERT INTO materia VALUES(8,'literatura');
INSERT INTO materia VALUES(9,'artes');
INSERT INTO materia VALUES(10,'filosofia');
INSERT INTO materia VALUES(11,'sociologia');
INSERT INTO materia VALUES(12,'ingles');
CREATE TABLE usuario (
	id INTEGER NOT NULL, 
	nome VARCHAR(200), 
	telefone VARCHAR(20), 
	email VARCHAR(200), 
	senha VARCHAR(200), 
	tipo_user INTEGER, 
	PRIMARY KEY (id), 
	UNIQUE (email)
);
INSERT INTO usuario VALUES(1,'user adm','244254266','adm@com','6b86b273ff34fce19d6b804eff5a3f5747ada4eaa22f1d49c01e52ddb7875b4b','adm');
INSERT INTO usuario VALUES(3,'weskley varela da silva','123456789','weskley@gmail','a665a45920422f9d417e4867efdc4fb8a04a1f3fff1fa07e998e86f7f7a27ae3','comum');
INSERT INTO usuario VALUES(4,'danilo','123456789','danilo@gmail.com','a665a45920422f9d417e4867efdc4fb8a04a1f3fff1fa07e998e86f7f7a27ae3','adm');
INSERT INTO usuario VALUES(5,'danilo','123','d@com','a665a45920422f9d417e4867efdc4fb8a04a1f3fff1fa07e998e86f7f7a27ae3','comum');
INSERT INTO usuario VALUES(6,'danilones','84999999999','danilones@gmail.com','a665a45920422f9d417e4867efdc4fb8a04a1f3fff1fa07e998e86f7f7a27ae3','comum');
INSERT INTO usuario VALUES(7,'lucio','9988888888','lucio@gmail.com','a665a45920422f9d417e4867efdc4fb8a04a1f3fff1fa07e998e86f7f7a27ae3','comum');
INSERT INTO usuario VALUES(8,'david','9899999999','david@gmail.com','a665a45920422f9d417e4867efdc4fb8a04a1f3fff1fa07e998e86f7f7a27ae3','comum');
INSERT INTO usuario VALUES(9,'adm','9999999999','admin@gmail.com','a665a45920422f9d417e4867efdc4fb8a04a1f3fff1fa07e998e86f7f7a27ae3','adm');
INSERT INTO usuario VALUES(10,'laercio','9999999999','laercio@gmail.com','a665a45920422f9d417e4867efdc4fb8a04a1f3fff1fa07e998e86f7f7a27ae3','comum');
INSERT INTO usuario VALUES(11,'julia','9999999999','julia@gmail.com','a665a45920422f9d417e4867efdc4fb8a04a1f3fff1fa07e998e86f7f7a27ae3','adm');
INSERT INTO usuario VALUES(13,'cesimar','9988888888','cesimar@gmail.com','a665a45920422f9d417e4867efdc4fb8a04a1f3fff1fa07e998e86f7f7a27ae3','adm');
CREATE TABLE assunto (
	id_assunto INTEGER NOT NULL, 
	nome VARCHAR(150), 
	duracao FLOAT, 
	id_materia INTEGER, 
	PRIMARY KEY (id_assunto), 
	FOREIGN KEY(id_materia) REFERENCES materia (id_materia)
);
INSERT INTO assunto VALUES(1,'geo_plana',15.0,1);
INSERT INTO assunto VALUES(2,'geo_espacial',20.999999999999999999,1);
INSERT INTO assunto VALUES(3,'geo_analitica',15.0,1);
INSERT INTO assunto VALUES(4,'estatistica',12.0,1);
INSERT INTO assunto VALUES(5,'probabilidade',12.999999999999999999,1);
INSERT INTO assunto VALUES(6,'combinatoria',17.999999999999999999,1);
INSERT INTO assunto VALUES(7,'trigonometria',17.0,1);
INSERT INTO assunto VALUES(8,'financeira',10.0,1);
INSERT INTO assunto VALUES(9,'algebra',16.0,1);
INSERT INTO assunto VALUES(10,'funcoes',20.0,1);
INSERT INTO assunto VALUES(11,'aritmetica',20.999999999999999999,1);
INSERT INTO assunto VALUES(12,'Interpretação de Texto',60.0,2);
INSERT INTO assunto VALUES(13,'Gramática',45.0,2);
INSERT INTO assunto VALUES(15,'Redação',48.000000000000000001,2);
INSERT INTO assunto VALUES(16,'Variação Linguística',15.0,2);
INSERT INTO assunto VALUES(17,'Mecânica',60.0,3);
INSERT INTO assunto VALUES(18,'Termologia',30.0,3);
INSERT INTO assunto VALUES(19,'Óptica',20.0,3);
INSERT INTO assunto VALUES(20,'Ondulatória',20.0,3);
INSERT INTO assunto VALUES(21,'Eletromagnetismo',60.0,3);
INSERT INTO assunto VALUES(22,'Matéria e suas propriedades',60.0,4);
INSERT INTO assunto VALUES(23,'Reações químicas',45.0,4);
INSERT INTO assunto VALUES(24,'Soluções',50.0,4);
INSERT INTO assunto VALUES(25,'Química Orgânica',45.0,4);
INSERT INTO assunto VALUES(26,'Termoquímica',25.0,4);
INSERT INTO assunto VALUES(27,'Equilíbrio químico',41.999999999999999998,4);
INSERT INTO assunto VALUES(28,'Eletroquímica',40.0,4);
INSERT INTO assunto VALUES(29,'Citologia',60.0,5);
INSERT INTO assunto VALUES(30,'Ecologia',104.99999999999999999,5);
INSERT INTO assunto VALUES(31,'Genética',45.0,5);
INSERT INTO assunto VALUES(32,'Evolução',40.0,5);
INSERT INTO assunto VALUES(33,'Fisiologia Humana',60.0,5);
INSERT INTO assunto VALUES(34,'Botânica',40.0,5);
INSERT INTO assunto VALUES(35,'Zoologia',50.0,5);
INSERT INTO assunto VALUES(36,'Biotecnologia',55.0,5);
INSERT INTO assunto VALUES(37,'Microbiologia',50.0,5);
INSERT INTO assunto VALUES(38,'Geografia Física',60.0,6);
INSERT INTO assunto VALUES(39,'Geografia Humana',48.000000000000000001,6);
INSERT INTO assunto VALUES(40,'Geografia do Brasil',75.0,6);
INSERT INTO assunto VALUES(41,'Geografia Regional',20.0,6);
INSERT INTO assunto VALUES(42,'Meio Ambiente',30.0,6);
INSERT INTO assunto VALUES(43,'História Geral',90.0,7);
INSERT INTO assunto VALUES(44,'História do Brasil',90.0,7);
INSERT INTO assunto VALUES(45,'História da América',40.0,7);
INSERT INTO assunto VALUES(46,'Idade Antiga',40.0,7);
INSERT INTO assunto VALUES(47,'Idade Média',50.0,7);
INSERT INTO assunto VALUES(48,'Idade Moderna',54.0,7);
INSERT INTO assunto VALUES(49,'Idade Contemporânea',104.99999999999999999,7);
INSERT INTO assunto VALUES(50,'Filosofia Antiga',16.0,8);
INSERT INTO assunto VALUES(51,'Filosofia Medieval',8.0,8);
INSERT INTO assunto VALUES(52,'Filosofia Moderna',17.999999999999999999,8);
INSERT INTO assunto VALUES(53,'Filosofia Contemporânea',27.999999999999999999,8);
INSERT INTO assunto VALUES(54,'Sociologia Clássica',22.0,9);
INSERT INTO assunto VALUES(55,'Sociologia Contemporânea',22.0,9);
INSERT INTO assunto VALUES(56,'Temas Contemporâneos',30.0,9);
INSERT INTO assunto VALUES(57,'Arte na Antiguidade',13.999999999999999999,10);
INSERT INTO assunto VALUES(58,'Arte Medieval',13.999999999999999999,10);
INSERT INTO assunto VALUES(59,'Renascimento e Maneirismo',10.0,10);
INSERT INTO assunto VALUES(60,'Barroco e Rococó',16.0,10);
INSERT INTO assunto VALUES(61,'Neoclassicismo e Romantismo',8.0,10);
INSERT INTO assunto VALUES(62,'Realismo e Impressionismo',16.0,10);
INSERT INTO assunto VALUES(63,'Vanguardas Europeias',20.0,10);
INSERT INTO assunto VALUES(64,'Arte Moderna no Brasil',12.0,10);
INSERT INTO assunto VALUES(65,'Arte Contemporânea',13.999999999999999999,10);
INSERT INTO assunto VALUES(66,'Gramática',30.0,11);
INSERT INTO assunto VALUES(67,'Vocabulário',25.0,11);
INSERT INTO assunto VALUES(68,'Leitura e Compreensão',20.0,11);
INSERT INTO assunto VALUES(69,'Escrita',25.0,11);
INSERT INTO assunto VALUES(70,'Conversação',30.0,11);
INSERT INTO assunto VALUES(71,'Pronúncia',20.0,11);
INSERT INTO assunto VALUES(72,'Teoria Literária',12.0,12);
INSERT INTO assunto VALUES(73,'Literatura Brasileira',13.999999999999999999,12);
INSERT INTO assunto VALUES(74,'Literatura Portuguesa',12.0,12);
INSERT INTO assunto VALUES(75,'Movimentos Literários',10.0,12);
INSERT INTO assunto VALUES(76,'Leitura e Interpretação de Textos',8.0,12);
INSERT INTO assunto VALUES(77,'Produção Textual',15.0,12);
CREATE TABLE formulario (
	id_formulario INTEGER NOT NULL, 
	id_usuario INTEGER, 
	tempo_total FLOAT, 
	PRIMARY KEY (id_formulario), 
	FOREIGN KEY(id_usuario) REFERENCES usuario (id)
);
CREATE TABLE conteudo (
	id_conteudo INTEGER NOT NULL, 
	nome VARCHAR(150), 
	id_assunto INTEGER, 
	PRIMARY KEY (id_conteudo), 
	FOREIGN KEY(id_assunto) REFERENCES assunto (id_assunto)
);
INSERT INTO conteudo VALUES(1,'Áreas de figuras planas',1);
INSERT INTO conteudo VALUES(2,'Semelhança de triângulos',1);
INSERT INTO conteudo VALUES(3,'Trigonometria no triângulo retângulo',1);
INSERT INTO conteudo VALUES(4,'Prismas',2);
INSERT INTO conteudo VALUES(5,'Pirâmides',2);
INSERT INTO conteudo VALUES(6,'Cilindros',2);
INSERT INTO conteudo VALUES(7,'Cones',2);
INSERT INTO conteudo VALUES(8,'Esferas',2);
INSERT INTO conteudo VALUES(9,'Equações da reta',3);
INSERT INTO conteudo VALUES(10,'Posições relativas entre retas',3);
INSERT INTO conteudo VALUES(11,'Equação da circunferência',3);
INSERT INTO conteudo VALUES(12,'Medidas de tendência central',4);
INSERT INTO conteudo VALUES(13,'Medidas de dispersão',4);
INSERT INTO conteudo VALUES(14,'Representação de dados',4);
INSERT INTO conteudo VALUES(15,'Probabilidade simples',5);
INSERT INTO conteudo VALUES(16,'Probabilidade condicional',5);
INSERT INTO conteudo VALUES(17,'União de eventos',5);
INSERT INTO conteudo VALUES(18,'Principio fundamental da contagem',6);
INSERT INTO conteudo VALUES(19,'Permutação',6);
INSERT INTO conteudo VALUES(20,'Arranjo',6);
INSERT INTO conteudo VALUES(21,'Combinação',6);
INSERT INTO conteudo VALUES(22,'Razões e funções trigonométricas',7);
INSERT INTO conteudo VALUES(23,'Círculo trigonométrico',7);
INSERT INTO conteudo VALUES(24,'Identidades trigonométricas',7);
INSERT INTO conteudo VALUES(25,'Porcentagem',8);
INSERT INTO conteudo VALUES(26,'Juros simples e compostos',8);
INSERT INTO conteudo VALUES(27,'Expressões algébricas',9);
INSERT INTO conteudo VALUES(28,'Equações e inequações',9);
INSERT INTO conteudo VALUES(29,'Sistema de equações',9);
INSERT INTO conteudo VALUES(30,'Afim',10);
INSERT INTO conteudo VALUES(31,'Quadrática',10);
INSERT INTO conteudo VALUES(32,'Exponencial',10);
INSERT INTO conteudo VALUES(33,'Logarítmica',10);
INSERT INTO conteudo VALUES(34,'Conjuntos numéricos',11);
INSERT INTO conteudo VALUES(35,'Operações básicas',11);
INSERT INTO conteudo VALUES(36,'Divisibilidade e múltiplos',11);
INSERT INTO conteudo VALUES(37,'Potenciação e radiciação',11);
INSERT INTO conteudo VALUES(38,'Frações e números decimais',11);
INSERT INTO conteudo VALUES(39,'Tipos de texto e gêneros textuais',12);
INSERT INTO conteudo VALUES(40,'Identificação da ideia central e informações específicas',12);
INSERT INTO conteudo VALUES(41,'Inferência e interpretação',12);
INSERT INTO conteudo VALUES(42,'Recursos linguísticos e estilísticos',12);
INSERT INTO conteudo VALUES(43,'Intertextualidade',12);
INSERT INTO conteudo VALUES(44,'Classes de palavras e suas funções',13);
INSERT INTO conteudo VALUES(45,'Concordância verbal e nominal',13);
INSERT INTO conteudo VALUES(46,'Regência verbal e nominal',13);
INSERT INTO conteudo VALUES(47,'Crase',13);
INSERT INTO conteudo VALUES(48,'Pontuação',13);
INSERT INTO conteudo VALUES(49,'Estrutura do texto dissertativo-argumentativo',15);
INSERT INTO conteudo VALUES(50,'Elaboração de tese e argumentos',15);
INSERT INTO conteudo VALUES(51,'Coesão e coerência textual',15);
INSERT INTO conteudo VALUES(52,'Norma culta da língua portuguesa',15);
INSERT INTO conteudo VALUES(53,'Tipos de variação linguística',16);
INSERT INTO conteudo VALUES(54,'Adequação linguística às diferentes situações comunicativas',16);
INSERT INTO conteudo VALUES(55,'Preconceito linguístico',16);
INSERT INTO conteudo VALUES(56,'movimento uniforme',17);
INSERT INTO conteudo VALUES(57,'movimento uniformemente variado',17);
INSERT INTO conteudo VALUES(58,'lançamento vertical',17);
INSERT INTO conteudo VALUES(59,'gráficos de movimento',17);
INSERT INTO conteudo VALUES(60,'leis de Newton',17);
INSERT INTO conteudo VALUES(61,'força de atrito',17);
INSERT INTO conteudo VALUES(62,'trabalho e energia',17);
INSERT INTO conteudo VALUES(63,'impulso e quantidade de movimento',17);
INSERT INTO conteudo VALUES(64,'conservação de energia',17);
INSERT INTO conteudo VALUES(65,'pressão',17);
INSERT INTO conteudo VALUES(66,'empuxo',17);
INSERT INTO conteudo VALUES(67,'densidade',17);
INSERT INTO conteudo VALUES(68,'lei da gravitação universal',17);
INSERT INTO conteudo VALUES(69,'órbitas planetárias',17);
INSERT INTO conteudo VALUES(70,'calor específico',18);
INSERT INTO conteudo VALUES(71,'capacidade térmica',18);
INSERT INTO conteudo VALUES(72,'calor latente',18);
INSERT INTO conteudo VALUES(73,'trocas de calor',18);
INSERT INTO conteudo VALUES(74,'propagação de calor',18);
INSERT INTO conteudo VALUES(75,'leis da termodinâmica',18);
INSERT INTO conteudo VALUES(76,'máquinas térmicas',18);
INSERT INTO conteudo VALUES(77,'rendimento',18);
INSERT INTO conteudo VALUES(78,'espelhos planos',19);
INSERT INTO conteudo VALUES(79,'espelhos esféricos',19);
INSERT INTO conteudo VALUES(80,'lentes convergentes',19);
INSERT INTO conteudo VALUES(81,'lentes divergentes',19);
INSERT INTO conteudo VALUES(82,'formação de imagens',19);
INSERT INTO conteudo VALUES(83,'olho humano',19);
INSERT INTO conteudo VALUES(84,'defeitos da visão',19);
INSERT INTO conteudo VALUES(85,'correção de defeitos da visão',19);
INSERT INTO conteudo VALUES(86,'tipos de ondas',20);
INSERT INTO conteudo VALUES(87,'características das ondas',20);
INSERT INTO conteudo VALUES(88,'fenômenos ondulatórios',20);
INSERT INTO conteudo VALUES(89,'reflexão',20);
INSERT INTO conteudo VALUES(90,'refração',20);
INSERT INTO conteudo VALUES(91,'difração',20);
INSERT INTO conteudo VALUES(92,'interferência',20);
INSERT INTO conteudo VALUES(93,'polarização',20);
INSERT INTO conteudo VALUES(94,'som',20);
INSERT INTO conteudo VALUES(95,'velocidade do som',20);
INSERT INTO conteudo VALUES(96,'intensidade sonora',20);
INSERT INTO conteudo VALUES(97,'timbre',20);
INSERT INTO conteudo VALUES(98,'altura',20);
INSERT INTO conteudo VALUES(99,'carga elétrica',21);
INSERT INTO conteudo VALUES(100,'lei de Coulomb',21);
INSERT INTO conteudo VALUES(101,'campo elétrico',21);
INSERT INTO conteudo VALUES(102,'potencial elétrico',21);
INSERT INTO conteudo VALUES(103,'corrente elétrica',21);
INSERT INTO conteudo VALUES(104,'resistência elétrica',21);
INSERT INTO conteudo VALUES(105,'lei de Ohm',21);
INSERT INTO conteudo VALUES(106,'circuitos elétricos',21);
INSERT INTO conteudo VALUES(107,'potência elétrica',21);
INSERT INTO conteudo VALUES(108,'campo magnético',21);
INSERT INTO conteudo VALUES(109,'força magnética',21);
INSERT INTO conteudo VALUES(110,'indução eletromagnética',21);
INSERT INTO conteudo VALUES(111,'prótons',22);
INSERT INTO conteudo VALUES(112,'nêutrons',22);
INSERT INTO conteudo VALUES(113,'elétrons',22);
INSERT INTO conteudo VALUES(114,'número atômico',22);
INSERT INTO conteudo VALUES(115,'número de massa',22);
INSERT INTO conteudo VALUES(116,'íons',22);
INSERT INTO conteudo VALUES(117,'isótopos',22);
INSERT INTO conteudo VALUES(118,'modelos atômicos de Dalton',22);
INSERT INTO conteudo VALUES(119,'modelos atômicos de Thomson',22);
INSERT INTO conteudo VALUES(120,'modelos atômicos de Rutherford',22);
INSERT INTO conteudo VALUES(121,'modelos atômicos de Bohr',22);
INSERT INTO conteudo VALUES(122,'níveis de energia',22);
INSERT INTO conteudo VALUES(123,'subníveis de energia',22);
INSERT INTO conteudo VALUES(124,'diagrama de Pauling',22);
INSERT INTO conteudo VALUES(125,'raio atômico',22);
INSERT INTO conteudo VALUES(126,'eletronegatividade',22);
INSERT INTO conteudo VALUES(127,'eletropositividade',22);
INSERT INTO conteudo VALUES(128,'energia de ionização',22);
INSERT INTO conteudo VALUES(129,'ligação iônica',22);
INSERT INTO conteudo VALUES(130,'ligação covalente',22);
INSERT INTO conteudo VALUES(131,'ligação metálica',22);
INSERT INTO conteudo VALUES(132,'polaridade de moléculas',22);
INSERT INTO conteudo VALUES(133,'força intermolecular dipolo-dipolo',22);
INSERT INTO conteudo VALUES(134,'ligação de hidrogênio',22);
INSERT INTO conteudo VALUES(135,'forças de London',22);
INSERT INTO conteudo VALUES(136,'sólido',22);
INSERT INTO conteudo VALUES(137,'líquido',22);
INSERT INTO conteudo VALUES(138,'gasoso',22);
INSERT INTO conteudo VALUES(139,'mudanças de estado físico',22);
INSERT INTO conteudo VALUES(140,'reação de síntese',23);
INSERT INTO conteudo VALUES(141,'reação de decomposição',23);
INSERT INTO conteudo VALUES(142,'reação de simples troca',23);
INSERT INTO conteudo VALUES(143,'reação de dupla troca',23);
INSERT INTO conteudo VALUES(144,'balanceamento de equações químicas',23);
INSERT INTO conteudo VALUES(145,'Lei de Lavoisier',23);
INSERT INTO conteudo VALUES(146,'Lei de Proust',23);
INSERT INTO conteudo VALUES(147,'cálculos estequiométricos',23);
INSERT INTO conteudo VALUES(148,'reagente limitante',23);
INSERT INTO conteudo VALUES(149,'rendimento',23);
INSERT INTO conteudo VALUES(150,'número de oxidação',23);
INSERT INTO conteudo VALUES(151,'agente oxidante',23);
INSERT INTO conteudo VALUES(152,'agente redutor',23);
INSERT INTO conteudo VALUES(153,'solução saturada',24);
INSERT INTO conteudo VALUES(154,'solução insaturada',24);
INSERT INTO conteudo VALUES(155,'solução supersaturada',24);
INSERT INTO conteudo VALUES(156,'molaridade',24);
INSERT INTO conteudo VALUES(157,'molalidade',24);
INSERT INTO conteudo VALUES(158,'porcentagem em massa',24);
INSERT INTO conteudo VALUES(159,'diluição de soluções',24);
INSERT INTO conteudo VALUES(160,'mistura homogênea',24);
INSERT INTO conteudo VALUES(161,'mistura heterogênea',24);
INSERT INTO conteudo VALUES(162,'filtração',24);
INSERT INTO conteudo VALUES(163,'decantação',24);
INSERT INTO conteudo VALUES(164,'destilação',24);
INSERT INTO conteudo VALUES(165,'cromatografia',24);
INSERT INTO conteudo VALUES(166,'hidrocarbonetos',25);
INSERT INTO conteudo VALUES(167,'álcoois',25);
INSERT INTO conteudo VALUES(168,'aldeídos',25);
INSERT INTO conteudo VALUES(169,'cetonas',25);
INSERT INTO conteudo VALUES(170,'ácidos carboxílicos',25);
INSERT INTO conteudo VALUES(171,'ésteres',25);
INSERT INTO conteudo VALUES(172,'aminas',25);
INSERT INTO conteudo VALUES(173,'amidas',25);
INSERT INTO conteudo VALUES(174,'nomenclatura de compostos orgânicos',25);
INSERT INTO conteudo VALUES(175,'isomeria plana',25);
INSERT INTO conteudo VALUES(176,'isomeria espacial',25);
INSERT INTO conteudo VALUES(177,'reação de adição',25);
INSERT INTO conteudo VALUES(178,'reação de substituição',25);
INSERT INTO conteudo VALUES(179,'reação de eliminação',25);
INSERT INTO conteudo VALUES(180,'tipos de polímeros',25);
INSERT INTO conteudo VALUES(181,'propriedades dos polímeros',25);
INSERT INTO conteudo VALUES(182,'reações endotérmicas',26);
INSERT INTO conteudo VALUES(183,'reações exotérmicas',26);
INSERT INTO conteudo VALUES(184,'variação de entalpia',26);
INSERT INTO conteudo VALUES(185,'Lei de Hess',26);
INSERT INTO conteudo VALUES(186,'entropia',26);
INSERT INTO conteudo VALUES(187,'energia livre de Gibbs',26);
INSERT INTO conteudo VALUES(188,'reações reversíveis',27);
INSERT INTO conteudo VALUES(189,'constante de equilíbrio',27);
INSERT INTO conteudo VALUES(190,'Princípio de Le Chatelier',27);
INSERT INTO conteudo VALUES(191,'concentração e equilíbrio químico',27);
INSERT INTO conteudo VALUES(192,'temperatura e equilíbrio químico',27);
INSERT INTO conteudo VALUES(193,'pressão e equilíbrio químico',27);
INSERT INTO conteudo VALUES(194,'ácidos',27);
INSERT INTO conteudo VALUES(195,'bases',27);
INSERT INTO conteudo VALUES(196,'pH',27);
INSERT INTO conteudo VALUES(197,'pOH',27);
INSERT INTO conteudo VALUES(198,'indicadores ácido-base',27);
INSERT INTO conteudo VALUES(199,'hidrólise salina',27);
INSERT INTO conteudo VALUES(200,'soluções tampão',27);
INSERT INTO conteudo VALUES(201,'funcionamento das pilhas',28);
INSERT INTO conteudo VALUES(202,'tipos de pilhas',28);
INSERT INTO conteudo VALUES(203,'equação da pilha',28);
INSERT INTO conteudo VALUES(204,'eletrólise ígnea',28);
INSERT INTO conteudo VALUES(205,'eletrólise aquosa',28);
INSERT INTO conteudo VALUES(206,'Leis de Faraday',28);
INSERT INTO conteudo VALUES(207,'corrosão',28);
INSERT INTO conteudo VALUES(208,'galvanoplastia',28);
INSERT INTO conteudo VALUES(209,'estrutura e funções das organelas celulares',29);
INSERT INTO conteudo VALUES(210,'estrutura da membrana plasmática',29);
INSERT INTO conteudo VALUES(211,'transporte celular',29);
INSERT INTO conteudo VALUES(212,'fotossíntese',29);
INSERT INTO conteudo VALUES(213,'respiração celular',29);
INSERT INTO conteudo VALUES(214,'fermentação',29);
INSERT INTO conteudo VALUES(215,'carboidratos',29);
INSERT INTO conteudo VALUES(216,'lipídios',29);
INSERT INTO conteudo VALUES(217,'proteínas',29);
INSERT INTO conteudo VALUES(218,'ácidos nucleicos',29);
INSERT INTO conteudo VALUES(219,'mitose',29);
INSERT INTO conteudo VALUES(220,'meiose',29);
INSERT INTO conteudo VALUES(221,'população',30);
INSERT INTO conteudo VALUES(222,'comunidade',30);
INSERT INTO conteudo VALUES(223,'ecossistema',30);
INSERT INTO conteudo VALUES(224,'biosfera',30);
INSERT INTO conteudo VALUES(225,'relações intraespecíficas',30);
INSERT INTO conteudo VALUES(226,'relações interespecíficas',30);
INSERT INTO conteudo VALUES(227,'cadeias alimentares',30);
INSERT INTO conteudo VALUES(228,'teias alimentares',30);
INSERT INTO conteudo VALUES(229,'ciclo do carbono',30);
INSERT INTO conteudo VALUES(230,'ciclo do nitrogênio',30);
INSERT INTO conteudo VALUES(231,'ciclo da água',30);
INSERT INTO conteudo VALUES(232,'biomas e suas características',30);
INSERT INTO conteudo VALUES(233,'distribuição dos principais biomas',30);
INSERT INTO conteudo VALUES(234,'desmatamento',30);
INSERT INTO conteudo VALUES(235,'poluição',30);
INSERT INTO conteudo VALUES(236,'efeito estufa',30);
INSERT INTO conteudo VALUES(237,'sustentabilidade',30);
INSERT INTO conteudo VALUES(238,'práticas e ações para a conservação ambiental',30);
INSERT INTO conteudo VALUES(239,'dominância',31);
INSERT INTO conteudo VALUES(240,'segregação',31);
INSERT INTO conteudo VALUES(241,'assortimento independente',31);
INSERT INTO conteudo VALUES(242,'herança autossômica',31);
INSERT INTO conteudo VALUES(243,'herança ligada ao sexo',31);
INSERT INTO conteudo VALUES(244,'doenças genéticas',31);
INSERT INTO conteudo VALUES(245,'mutações',31);
INSERT INTO conteudo VALUES(246,'DNA recombinante',31);
INSERT INTO conteudo VALUES(247,'clonagem',31);
INSERT INTO conteudo VALUES(248,'transgênicos',31);
INSERT INTO conteudo VALUES(249,'Lamarckismo',32);
INSERT INTO conteudo VALUES(250,'Darwinismo',32);
INSERT INTO conteudo VALUES(251,'seleção natural',32);
INSERT INTO conteudo VALUES(252,'mutação',32);
INSERT INTO conteudo VALUES(253,'deriva genética',32);
INSERT INTO conteudo VALUES(254,'fósseis',32);
INSERT INTO conteudo VALUES(255,'anatomia comparada',32);
INSERT INTO conteudo VALUES(256,'embriologia',32);
INSERT INTO conteudo VALUES(257,'evolução humana',32);
INSERT INTO conteudo VALUES(258,'principais ancestrais e características',32);
INSERT INTO conteudo VALUES(259,'sistema digestório',33);
INSERT INTO conteudo VALUES(260,'sistema respiratório',33);
INSERT INTO conteudo VALUES(261,'sistema circulatório',33);
INSERT INTO conteudo VALUES(262,'sistema excretor',33);
INSERT INTO conteudo VALUES(263,'sistema nervoso',33);
INSERT INTO conteudo VALUES(264,'sistema endócrino',33);
INSERT INTO conteudo VALUES(265,'sistema reprodutor',33);
INSERT INTO conteudo VALUES(266,'doenças infecciosas',33);
INSERT INTO conteudo VALUES(267,'doenças crônicas',33);
INSERT INTO conteudo VALUES(268,'saúde pública',33);
INSERT INTO conteudo VALUES(269,'nutrição',33);
INSERT INTO conteudo VALUES(270,'hábitos saudáveis',33);
INSERT INTO conteudo VALUES(271,'briófitas',34);
INSERT INTO conteudo VALUES(272,'pteridófitas',34);
INSERT INTO conteudo VALUES(273,'gimnospermas',34);
INSERT INTO conteudo VALUES(274,'angiospermas',34);
INSERT INTO conteudo VALUES(275,'raiz',34);
INSERT INTO conteudo VALUES(276,'caule',34);
INSERT INTO conteudo VALUES(277,'folha',34);
INSERT INTO conteudo VALUES(278,'flor',34);
INSERT INTO conteudo VALUES(279,'fruto',34);
INSERT INTO conteudo VALUES(280,'semente',34);
INSERT INTO conteudo VALUES(281,'transporte de seiva',34);
INSERT INTO conteudo VALUES(282,'hormônios vegetais',34);
INSERT INTO conteudo VALUES(283,'reprodução sexuada',34);
INSERT INTO conteudo VALUES(284,'reprodução assexuada',34);
INSERT INTO conteudo VALUES(285,'poríferos',35);
INSERT INTO conteudo VALUES(286,'cnidários',35);
INSERT INTO conteudo VALUES(287,'platelmintos',35);
INSERT INTO conteudo VALUES(288,'nematódeos',35);
INSERT INTO conteudo VALUES(289,'anelídeos',35);
INSERT INTO conteudo VALUES(290,'moluscos',35);
INSERT INTO conteudo VALUES(291,'artrópodes',35);
INSERT INTO conteudo VALUES(292,'equinodermos',35);
INSERT INTO conteudo VALUES(293,'cordados',35);
INSERT INTO conteudo VALUES(294,'sistema nervoso dos animais',35);
INSERT INTO conteudo VALUES(295,'sistema digestório dos animais',35);
INSERT INTO conteudo VALUES(296,'sistema circulatório dos animais',35);
INSERT INTO conteudo VALUES(297,'comportamento animal',35);
INSERT INTO conteudo VALUES(298,'engenharia genética',36);
INSERT INTO conteudo VALUES(299,'organismos geneticamente modificados (OGMs)',36);
INSERT INTO conteudo VALUES(300,'cultura de tecidos',36);
INSERT INTO conteudo VALUES(301,'biorremediação',36);
INSERT INTO conteudo VALUES(302,'biocombustíveis',36);
INSERT INTO conteudo VALUES(303,'terapia gênica',36);
INSERT INTO conteudo VALUES(304,'clonagem',36);
INSERT INTO conteudo VALUES(305,'biotecnologia na medicina',36);
INSERT INTO conteudo VALUES(306,'biotecnologia na agricultura',36);
INSERT INTO conteudo VALUES(307,'bactérias',37);
INSERT INTO conteudo VALUES(308,'vírus',37);
INSERT INTO conteudo VALUES(309,'protozoários',37);
INSERT INTO conteudo VALUES(310,'fungos',37);
INSERT INTO conteudo VALUES(311,'microbiota humana',37);
INSERT INTO conteudo VALUES(312,'doenças causadas por microrganismos',37);
INSERT INTO conteudo VALUES(313,'vacinas e antibióticos',37);
INSERT INTO conteudo VALUES(314,'crescimento e reprodução de microrganismos',37);
INSERT INTO conteudo VALUES(315,'uso industrial de microrganismos',37);
INSERT INTO conteudo VALUES(316,'tipos de relevo',38);
INSERT INTO conteudo VALUES(317,'agentes formadores do relevo',38);
INSERT INTO conteudo VALUES(318,'agentes modeladores do relevo',38);
INSERT INTO conteudo VALUES(319,'estrutura geológica',38);
INSERT INTO conteudo VALUES(320,'elementos climáticos',38);
INSERT INTO conteudo VALUES(321,'fatores climáticos',38);
INSERT INTO conteudo VALUES(322,'tipos de clima',38);
INSERT INTO conteudo VALUES(323,'fenômenos climáticos',38);
INSERT INTO conteudo VALUES(324,'biomas terrestres',38);
INSERT INTO conteudo VALUES(325,'características da vegetação',38);
INSERT INTO conteudo VALUES(326,'distribuição da vegetação',38);
INSERT INTO conteudo VALUES(327,'bacias hidrográficas',38);
INSERT INTO conteudo VALUES(328,'oceanos',38);
INSERT INTO conteudo VALUES(329,'águas subterrâneas',38);
INSERT INTO conteudo VALUES(330,'tipos de solo',38);
INSERT INTO conteudo VALUES(331,'formação dos solos',38);
INSERT INTO conteudo VALUES(332,'degradação dos solos',38);
INSERT INTO conteudo VALUES(333,'crescimento demográfico',39);
INSERT INTO conteudo VALUES(334,'teorias demográficas',39);
INSERT INTO conteudo VALUES(335,'estrutura da população',39);
INSERT INTO conteudo VALUES(336,'migrações',39);
INSERT INTO conteudo VALUES(337,'processo de urbanização',39);
INSERT INTO conteudo VALUES(338,'problemas urbanos',39);
INSERT INTO conteudo VALUES(339,'hierarquia urbana',39);
INSERT INTO conteudo VALUES(340,'características da globalização',39);
INSERT INTO conteudo VALUES(341,'impactos da globalização',39);
INSERT INTO conteudo VALUES(342,'blocos econômicos',39);
INSERT INTO conteudo VALUES(343,'conflitos geopolíticos',39);
INSERT INTO conteudo VALUES(344,'organizações internacionais',39);
INSERT INTO conteudo VALUES(345,'ordem mundial',39);
INSERT INTO conteudo VALUES(346,'formação do espaço geográfico brasileiro',40);
INSERT INTO conteudo VALUES(347,'regionalização do Brasil',40);
INSERT INTO conteudo VALUES(348,'características gerais do Brasil',40);
INSERT INTO conteudo VALUES(349,'clima do Brasil',40);
INSERT INTO conteudo VALUES(350,'relevo do Brasil',40);
INSERT INTO conteudo VALUES(351,'vegetação do Brasil',40);
INSERT INTO conteudo VALUES(352,'hidrografia do Brasil',40);
INSERT INTO conteudo VALUES(353,'crescimento da população brasileira',40);
INSERT INTO conteudo VALUES(354,'distribuição da população brasileira',40);
INSERT INTO conteudo VALUES(355,'estrutura da população brasileira',40);
INSERT INTO conteudo VALUES(356,'migrações no Brasil',40);
INSERT INTO conteudo VALUES(357,'setores da economia brasileira',40);
INSERT INTO conteudo VALUES(358,'atividades industriais no Brasil',40);
INSERT INTO conteudo VALUES(359,'agropecuária no Brasil',40);
INSERT INTO conteudo VALUES(360,'comércio exterior brasileiro',40);
INSERT INTO conteudo VALUES(361,'desigualdade social no Brasil',40);
INSERT INTO conteudo VALUES(362,'pobreza no Brasil',40);
INSERT INTO conteudo VALUES(363,'educação no Brasil',40);
INSERT INTO conteudo VALUES(364,'saúde no Brasil',40);
INSERT INTO conteudo VALUES(365,'continentes e suas características gerais',41);
INSERT INTO conteudo VALUES(366,'aspectos físicos dos continentes',41);
INSERT INTO conteudo VALUES(367,'aspectos humanos dos continentes',41);
INSERT INTO conteudo VALUES(368,'regionalização mundial',41);
INSERT INTO conteudo VALUES(369,'características das principais regiões do mundo',41);
INSERT INTO conteudo VALUES(370,'poluição',42);
INSERT INTO conteudo VALUES(371,'desmatamento',42);
INSERT INTO conteudo VALUES(372,'efeito estufa',42);
INSERT INTO conteudo VALUES(373,'mudanças climáticas',42);
INSERT INTO conteudo VALUES(374,'conceito de desenvolvimento sustentável',42);
INSERT INTO conteudo VALUES(375,'Agenda 2030',42);
INSERT INTO conteudo VALUES(376,'práticas sustentáveis',42);
INSERT INTO conteudo VALUES(377,'importância da biodiversidade',42);
INSERT INTO conteudo VALUES(378,'hotspots de biodiversidade',42);
INSERT INTO conteudo VALUES(379,'conservação da biodiversidade',42);
INSERT INTO conteudo VALUES(380,'causas da Primeira Guerra Mundial',43);
INSERT INTO conteudo VALUES(381,'consequências da Primeira Guerra Mundial',43);
INSERT INTO conteudo VALUES(382,'impactos da Primeira Guerra Mundial',43);
INSERT INTO conteudo VALUES(383,'causas da Segunda Guerra Mundial',43);
INSERT INTO conteudo VALUES(384,'consequências da Segunda Guerra Mundial',43);
INSERT INTO conteudo VALUES(385,'impactos da Segunda Guerra Mundial',43);
INSERT INTO conteudo VALUES(386,'contexto da Guerra Fria',43);
INSERT INTO conteudo VALUES(387,'características da Guerra Fria',43);
INSERT INTO conteudo VALUES(388,'desdobramentos da Guerra Fria',43);
INSERT INTO conteudo VALUES(389,'contexto da Revolução Industrial',43);
INSERT INTO conteudo VALUES(390,'fases da Revolução Industrial',43);
INSERT INTO conteudo VALUES(391,'consequências sociais da Revolução Industrial',43);
INSERT INTO conteudo VALUES(392,'consequências econômicas da Revolução Industrial',43);
INSERT INTO conteudo VALUES(393,'causas da Revolução Francesa',43);
INSERT INTO conteudo VALUES(394,'desenvolvimento da Revolução Francesa',43);
INSERT INTO conteudo VALUES(395,'consequências da Revolução Francesa',43);
INSERT INTO conteudo VALUES(396,'ideias do Iluminismo',43);
INSERT INTO conteudo VALUES(397,'principais pensadores do Iluminismo',43);
INSERT INTO conteudo VALUES(398,'influência do Iluminismo',43);
INSERT INTO conteudo VALUES(399,'economia do período colonial',44);
INSERT INTO conteudo VALUES(400,'sociedade do período colonial',44);
INSERT INTO conteudo VALUES(401,'cultura do período colonial',44);
INSERT INTO conteudo VALUES(402,'movimentos nativistas',44);
INSERT INTO conteudo VALUES(403,'processo de independência do Brasil',44);
INSERT INTO conteudo VALUES(404,'Primeiro Reinado',44);
INSERT INTO conteudo VALUES(405,'Segundo Reinado',44);
INSERT INTO conteudo VALUES(406,'crise do Império',44);
INSERT INTO conteudo VALUES(407,'República Velha',44);
INSERT INTO conteudo VALUES(408,'Era Vargas',44);
INSERT INTO conteudo VALUES(409,'República Democrática',44);
INSERT INTO conteudo VALUES(410,'Ditadura Militar',44);
INSERT INTO conteudo VALUES(411,'redemocratização',44);
INSERT INTO conteudo VALUES(412,'movimentos sociais: Canudos, Contestado, Revolta da Vacina',44);
INSERT INTO conteudo VALUES(413,'movimentos artísticos, literários e culturais no Brasil',44);
INSERT INTO conteudo VALUES(414,'civilização Maia',45);
INSERT INTO conteudo VALUES(415,'civilização Asteca',45);
INSERT INTO conteudo VALUES(416,'civilização Inca',45);
INSERT INTO conteudo VALUES(417,'colonização espanhola na América',45);
INSERT INTO conteudo VALUES(418,'colonização portuguesa na América',45);
INSERT INTO conteudo VALUES(419,'colonização inglesa na América',45);
INSERT INTO conteudo VALUES(420,'processos de independência na América',45);
INSERT INTO conteudo VALUES(421,'revoluções na América Latina no século XX',45);
INSERT INTO conteudo VALUES(422,'ditaduras na América Latina no século XX',45);
INSERT INTO conteudo VALUES(423,'movimentos sociais na América Latina no século XX',45);
INSERT INTO conteudo VALUES(424,'civilização Mesopotâmica',46);
INSERT INTO conteudo VALUES(425,'civilização Egípcia',46);
INSERT INTO conteudo VALUES(426,'civilização Grega',46);
INSERT INTO conteudo VALUES(427,'civilização Romana',46);
INSERT INTO conteudo VALUES(428,'religião na antiguidade',46);
INSERT INTO conteudo VALUES(429,'política na antiguidade',46);
INSERT INTO conteudo VALUES(430,'economia na antiguidade',46);
INSERT INTO conteudo VALUES(431,'arte na antiguidade',46);
INSERT INTO conteudo VALUES(432,'democracia ateniense',46);
INSERT INTO conteudo VALUES(433,'filosofia grega',46);
INSERT INTO conteudo VALUES(434,'cultura helenística',46);
INSERT INTO conteudo VALUES(435,'República Romana',46);
INSERT INTO conteudo VALUES(436,'Império Romano',46);
INSERT INTO conteudo VALUES(437,'legado romano',46);
INSERT INTO conteudo VALUES(438,'características do feudalismo',47);
INSERT INTO conteudo VALUES(439,'sociedade feudal',47);
INSERT INTO conteudo VALUES(440,'economia feudal',47);
INSERT INTO conteudo VALUES(441,'cultura feudal',47);
INSERT INTO conteudo VALUES(442,'poder político da Igreja Católica na Idade Média',47);
INSERT INTO conteudo VALUES(443,'poder religioso da Igreja Católica na Idade Média',47);
INSERT INTO conteudo VALUES(444,'crises da Igreja Católica',47);
INSERT INTO conteudo VALUES(445,'reformas da Igreja Católica',47);
INSERT INTO conteudo VALUES(446,'contexto das Cruzadas',47);
INSERT INTO conteudo VALUES(447,'causas das Cruzadas',47);
INSERT INTO conteudo VALUES(448,'consequências das Cruzadas',47);
INSERT INTO conteudo VALUES(449,'Renascimento comercial e urbano',47);
INSERT INTO conteudo VALUES(450,'crises e transformações da Baixa Idade Média',47);
INSERT INTO conteudo VALUES(451,'grandes navegações',48);
INSERT INTO conteudo VALUES(452,'descobrimentos marítimos',48);
INSERT INTO conteudo VALUES(453,'características do Renascimento Cultural',48);
INSERT INTO conteudo VALUES(454,'principais artistas do Renascimento Cultural',48);
INSERT INTO conteudo VALUES(455,'principais obras do Renascimento Cultural',48);
INSERT INTO conteudo VALUES(456,'causas da Reforma Protestante',48);
INSERT INTO conteudo VALUES(457,'consequências da Reforma Protestante',48);
INSERT INTO conteudo VALUES(458,'principais reformadores religiosos',48);
INSERT INTO conteudo VALUES(459,'características do absolutismo monárquico',48);
INSERT INTO conteudo VALUES(460,'principais monarcas absolutistas',48);
INSERT INTO conteudo VALUES(461,'descobertas científicas da Idade Moderna',48);
INSERT INTO conteudo VALUES(462,'novas teorias científicas da Idade Moderna',48);
INSERT INTO conteudo VALUES(463,'ideias do Iluminismo',48);
INSERT INTO conteudo VALUES(464,'principais pensadores do Iluminismo',48);
INSERT INTO conteudo VALUES(465,'influência do Iluminismo',48);
INSERT INTO conteudo VALUES(466,'Revolução Francesa',49);
INSERT INTO conteudo VALUES(467,'Independência dos EUA',49);
INSERT INTO conteudo VALUES(468,'impactos sociais da Revolução Industrial',49);
INSERT INTO conteudo VALUES(469,'impactos econômicos da Revolução Industrial',49);
INSERT INTO conteudo VALUES(470,'impactos políticos da Revolução Industrial',49);
INSERT INTO conteudo VALUES(471,'neocolonialismo',49);
INSERT INTO conteudo VALUES(472,'partilha da África',49);
INSERT INTO conteudo VALUES(473,'partilha da Ásia',49);
INSERT INTO conteudo VALUES(474,'causas da Primeira Guerra Mundial',49);
INSERT INTO conteudo VALUES(475,'consequências da Primeira Guerra Mundial',49);
INSERT INTO conteudo VALUES(476,'impactos da Primeira Guerra Mundial',49);
INSERT INTO conteudo VALUES(477,'causas da Segunda Guerra Mundial',49);
INSERT INTO conteudo VALUES(478,'consequências da Segunda Guerra Mundial',49);
INSERT INTO conteudo VALUES(479,'impactos da Segunda Guerra Mundial',49);
INSERT INTO conteudo VALUES(480,'contexto da Guerra Fria',49);
INSERT INTO conteudo VALUES(481,'características da Guerra Fria',49);
INSERT INTO conteudo VALUES(482,'desdobramentos da Guerra Fria',49);
INSERT INTO conteudo VALUES(483,'características do mundo globalizado',49);
INSERT INTO conteudo VALUES(484,'desafios do mundo globalizado',49);
INSERT INTO conteudo VALUES(485,'novas ordens mundiais',49);
INSERT INTO conteudo VALUES(486,'Tales de Mileto',50);
INSERT INTO conteudo VALUES(487,'Anaximandro',50);
INSERT INTO conteudo VALUES(488,'Anaxímenes',50);
INSERT INTO conteudo VALUES(489,'Pitágoras',50);
INSERT INTO conteudo VALUES(490,'Heráclito',50);
INSERT INTO conteudo VALUES(491,'Parmênides',50);
INSERT INTO conteudo VALUES(492,'Empédocles',50);
INSERT INTO conteudo VALUES(493,'Anaxágoras',50);
INSERT INTO conteudo VALUES(494,'Demócrito',50);
INSERT INTO conteudo VALUES(495,'Sócrates',50);
INSERT INTO conteudo VALUES(496,'Platão',50);
INSERT INTO conteudo VALUES(497,'Aristóteles',50);
INSERT INTO conteudo VALUES(498,'Epicurismo',50);
INSERT INTO conteudo VALUES(499,'Estoicismo',50);
INSERT INTO conteudo VALUES(500,'Ceticismo',50);
INSERT INTO conteudo VALUES(501,'Santo Agostinho',51);
INSERT INTO conteudo VALUES(502,'Santo Anselmo',51);
INSERT INTO conteudo VALUES(503,'Tomás de Aquino',51);
INSERT INTO conteudo VALUES(504,'Maquiavel',52);
INSERT INTO conteudo VALUES(505,'Renascimento',52);
INSERT INTO conteudo VALUES(506,'Racionalismo: Descartes',52);
INSERT INTO conteudo VALUES(507,'Racionalismo: Spinoza',52);
INSERT INTO conteudo VALUES(508,'Racionalismo: Leibniz',52);
INSERT INTO conteudo VALUES(509,'Empirismo: Locke',52);
INSERT INTO conteudo VALUES(510,'Empirismo: Berkeley',52);
INSERT INTO conteudo VALUES(511,'Empirismo: Hume',52);
INSERT INTO conteudo VALUES(512,'Iluminismo: Kant',52);
INSERT INTO conteudo VALUES(513,'Idealismo Alemão: Hegel',53);
INSERT INTO conteudo VALUES(514,'Marxismo: Marx',53);
INSERT INTO conteudo VALUES(515,'Marxismo: Engels',53);
INSERT INTO conteudo VALUES(516,'Existencialismo: Kierkegaard',53);
INSERT INTO conteudo VALUES(517,'Existencialismo: Nietzsche',53);
INSERT INTO conteudo VALUES(518,'Existencialismo: Sartre',53);
INSERT INTO conteudo VALUES(519,'Filosofia da Linguagem: Wittgenstein',53);
INSERT INTO conteudo VALUES(520,'Escola de Frankfurt: Adorno',53);
INSERT INTO conteudo VALUES(521,'Escola de Frankfurt: Horkheimer',53);
INSERT INTO conteudo VALUES(522,'Escola de Frankfurt: Marcuse',53);
INSERT INTO conteudo VALUES(523,'Escola de Frankfurt: Habermas',53);
INSERT INTO conteudo VALUES(524,'Émile Durkheim: Fato social',54);
INSERT INTO conteudo VALUES(525,'Émile Durkheim: Coesão social',54);
INSERT INTO conteudo VALUES(526,'Émile Durkheim: Anomia',54);
INSERT INTO conteudo VALUES(527,'Max Weber: Ação social',54);
INSERT INTO conteudo VALUES(528,'Max Weber: Tipos ideais',54);
INSERT INTO conteudo VALUES(529,'Max Weber: Burocracia',54);
INSERT INTO conteudo VALUES(530,'Max Weber: Ética protestante',54);
INSERT INTO conteudo VALUES(531,'Karl Marx: Materialismo histórico',54);
INSERT INTO conteudo VALUES(532,'Karl Marx: Luta de classes',54);
INSERT INTO conteudo VALUES(533,'Karl Marx: Alienação',54);
INSERT INTO conteudo VALUES(534,'Teoria da Modernização',55);
INSERT INTO conteudo VALUES(535,'Teoria da Dependência',55);
INSERT INTO conteudo VALUES(536,'Pós-Estruturalismo: Foucault',55);
INSERT INTO conteudo VALUES(537,'Pós-Estruturalismo: Derrida',55);
INSERT INTO conteudo VALUES(538,'Sociologia no Brasil: Gilberto Freyre',55);
INSERT INTO conteudo VALUES(539,'Sociologia no Brasil: Sérgio Buarque de Holanda',55);
INSERT INTO conteudo VALUES(540,'Sociologia no Brasil: Florestan Fernandes',55);
INSERT INTO conteudo VALUES(541,'Globalização',56);
INSERT INTO conteudo VALUES(542,'Desigualdade social',56);
INSERT INTO conteudo VALUES(543,'Meio ambiente',56);
INSERT INTO conteudo VALUES(544,'Cultura e Indústria Cultural',56);
INSERT INTO conteudo VALUES(545,'Movimentos sociais',56);
INSERT INTO conteudo VALUES(546,'Tecnologia e redes sociais',56);
INSERT INTO conteudo VALUES(547,'Arte Egípcia: arquitetura monumental, pintura e escultura',57);
INSERT INTO conteudo VALUES(548,'Arte Grega: arquitetura (ordens dórica, jônica e coríntia), escultura (períodos arcaico, clássico e helenístico), teatro',57);
INSERT INTO conteudo VALUES(549,'Arte Romana: arquitetura (coliseu, aquedutos, termas), escultura (retratos), pintura (afrescos)',57);
INSERT INTO conteudo VALUES(550,'Arte Bizantina: mosaicos, arquitetura (igrejas de Santa Sofia e São Basílio)',58);
INSERT INTO conteudo VALUES(551,'Arte Românica: arquitetura (igrejas e mosteiros), escultura (portais e capitéis), pintura (afrescos)',58);
INSERT INTO conteudo VALUES(552,'Arte Gótica: arquitetura (catedrais), escultura (realismo), pintura (vitrais)',58);
INSERT INTO conteudo VALUES(553,'Renascimento Italiano: arquitetura (Brunelleschi), escultura (Donatello, Michelangelo), pintura (Leonardo da Vinci, Rafael, Ticiano)',59);
INSERT INTO conteudo VALUES(554,'Maneirismo: características, principais artistas (Pontormo, Parmigianino, El Greco)',59);
INSERT INTO conteudo VALUES(555,'Barroco Italiano: arquitetura (Bernini), escultura (Bernini), pintura (Caravaggio)',60);
INSERT INTO conteudo VALUES(556,'Barroco Flamengo: pintura (Rubens)',60);
INSERT INTO conteudo VALUES(557,'Barroco Espanhol: pintura (Velázquez)',60);
INSERT INTO conteudo VALUES(558,'Rococó: características, principais artistas (Fragonard, Boucher)',60);
INSERT INTO conteudo VALUES(559,'Neoclassicismo: características, principais artistas (David, Ingres)',61);
INSERT INTO conteudo VALUES(560,'Romantismo: características, principais artistas (Goya, Delacroix, Turner)',61);
INSERT INTO conteudo VALUES(561,'Realismo: características, principais artistas (Courbet, Millet)',62);
INSERT INTO conteudo VALUES(562,'Impressionismo: características, principais artistas (Monet, Renoir, Degas)',62);
INSERT INTO conteudo VALUES(563,'Pós-Impressionismo: características, principais artistas (Cézanne, Van Gogh, Gauguin)',62);
INSERT INTO conteudo VALUES(564,'Expressionismo: características, principais artistas (Munch, Kirchner)',63);
INSERT INTO conteudo VALUES(565,'Cubismo: características, principais artistas (Picasso, Braque)',63);
INSERT INTO conteudo VALUES(566,'Futurismo: características, principais artistas (Marinetti, Boccioni)',63);
INSERT INTO conteudo VALUES(567,'Dadaísmo: características, principais artistas (Tzara, Arp)',63);
INSERT INTO conteudo VALUES(568,'Surrealismo: características, principais artistas (Dalí, Magritte)',63);
INSERT INTO conteudo VALUES(569,'Semana de Arte Moderna: contexto, principais artistas (Anita Malfatti, Tarsila do Amaral, Oswald de Andrade)',64);
INSERT INTO conteudo VALUES(570,'Modernismo: fases, características, principais artistas',64);
INSERT INTO conteudo VALUES(571,'Arte Pop: características, principais artistas (Andy Warhol, Roy Lichtenstein)',65);
INSERT INTO conteudo VALUES(572,'Arte Conceitual: características, principais artistas (Marcel Duchamp, Joseph Beuys)',65);
INSERT INTO conteudo VALUES(573,'Outras tendências da arte contemporânea: instalação, performance, videoarte',65);
INSERT INTO conteudo VALUES(574,'Tempos verbais: presente, passado, futuro',66);
INSERT INTO conteudo VALUES(575,'Modal verbs: can, should, must, may, might',66);
INSERT INTO conteudo VALUES(576,'Condicionais: zero, first, second, third',66);
INSERT INTO conteudo VALUES(577,'Voz passiva',66);
INSERT INTO conteudo VALUES(578,'Artigos definidos e indefinidos',66);
INSERT INTO conteudo VALUES(579,'Preposições de lugar, tempo e movimento',66);
INSERT INTO conteudo VALUES(580,'Concordância verbal e nominal',66);
INSERT INTO conteudo VALUES(581,'Família e relacionamentos',67);
INSERT INTO conteudo VALUES(582,'Lugares e direções',67);
INSERT INTO conteudo VALUES(583,'Roupas e acessórios',67);
INSERT INTO conteudo VALUES(584,'Alimentação e bebidas',67);
INSERT INTO conteudo VALUES(585,'Atividades diárias e rotinas',67);
INSERT INTO conteudo VALUES(586,'Sentimentos e emoções',67);
INSERT INTO conteudo VALUES(587,'Profissões e empregos',67);
INSERT INTO conteudo VALUES(588,'Técnicas de leitura: skimming, scanning, leitura detalhada',68);
INSERT INTO conteudo VALUES(589,'Identificação de ideias principais e detalhes',68);
INSERT INTO conteudo VALUES(590,'Inferência e dedução',68);
INSERT INTO conteudo VALUES(591,'Análise de textos narrativos e expositivos',68);
INSERT INTO conteudo VALUES(592,'Compreensão de artigos, notícias e histórias curtas',68);
INSERT INTO conteudo VALUES(593,'Redação de e-mails e cartas formais e informais',69);
INSERT INTO conteudo VALUES(594,'Produção de textos narrativos, descritivos e expositivos',69);
INSERT INTO conteudo VALUES(595,'Coerência e coesão textual',69);
INSERT INTO conteudo VALUES(596,'Uso de conectivos e transições',69);
INSERT INTO conteudo VALUES(597,'Escrita criativa e resumida',69);
INSERT INTO conteudo VALUES(598,'Apresentações pessoais',70);
INSERT INTO conteudo VALUES(599,'Perguntas e respostas no dia a dia',70);
INSERT INTO conteudo VALUES(600,'Discussões sobre tópicos variados',70);
INSERT INTO conteudo VALUES(601,'Expressões idiomáticas e gírias',70);
INSERT INTO conteudo VALUES(602,'Prática de diálogos em contextos sociais e profissionais',70);
INSERT INTO conteudo VALUES(603,'Sons vocálicos e consonantais',71);
INSERT INTO conteudo VALUES(604,'Intonação e ritmo',71);
INSERT INTO conteudo VALUES(605,'Estudo do linking e redução de palavras',71);
INSERT INTO conteudo VALUES(606,'Como melhorar a clareza na fala',71);
INSERT INTO conteudo VALUES(607,'Gêneros literários: épico, lírico e dramático.',72);
INSERT INTO conteudo VALUES(608,'Figuras de linguagem: metáfora, metonímia, antítese, hipérbole, etc.',72);
INSERT INTO conteudo VALUES(609,'Estruturas narrativas e tipos de narrador.',72);
INSERT INTO conteudo VALUES(610,'Versificação e métrica poética.',72);
INSERT INTO conteudo VALUES(611,'Intertextualidade e dialogismo.',72);
INSERT INTO conteudo VALUES(612,'Literatura colonial: Padre Antônio Vieira, Gregório de Matos.',73);
INSERT INTO conteudo VALUES(613,'Arcadismo: Tomás Antônio Gonzaga, Cláudio Manuel da Costa.',73);
INSERT INTO conteudo VALUES(614,'Romantismo: José de Alencar, Castro Alves.',73);
INSERT INTO conteudo VALUES(615,'Realismo e Naturalismo: Machado de Assis, Aluísio Azevedo.',73);
INSERT INTO conteudo VALUES(616,'Modernismo: Oswald de Andrade, Mário de Andrade, Manuel Bandeira.',73);
INSERT INTO conteudo VALUES(617,'Contemporaneidade: principais autores e tendências.',73);
INSERT INTO conteudo VALUES(618,'Trovadorismo e a poesia medieval.',74);
INSERT INTO conteudo VALUES(619,'Classicismo: Luís de Camões e Os Lusíadas.',74);
INSERT INTO conteudo VALUES(620,'Barroco: Padre Antônio Vieira.',74);
INSERT INTO conteudo VALUES(621,'Romantismo português: Almeida Garrett, Alexandre Herculano.',74);
INSERT INTO conteudo VALUES(622,'Realismo e Eça de Queirós.',74);
INSERT INTO conteudo VALUES(623,'Modernismo e Fernando Pessoa.',74);
INSERT INTO conteudo VALUES(624,'Humanismo e Renascimento.',75);
INSERT INTO conteudo VALUES(625,'Barroco e Arcadismo.',75);
INSERT INTO conteudo VALUES(626,'Romantismo e Realismo.',75);
INSERT INTO conteudo VALUES(627,'Simbolismo, Parnasianismo e Naturalismo.',75);
INSERT INTO conteudo VALUES(628,'Vanguardas europeias: Futurismo, Expressionismo, Surrealismo.',75);
INSERT INTO conteudo VALUES(629,'Pós-modernismo e literatura contemporânea.',75);
INSERT INTO conteudo VALUES(630,'Análise e interpretação de poemas.',76);
INSERT INTO conteudo VALUES(631,'Compreensão de contos e crônicas.',76);
INSERT INTO conteudo VALUES(632,'Estudo de romances e suas estruturas.',76);
INSERT INTO conteudo VALUES(633,'Interpretação de peças teatrais.',76);
INSERT INTO conteudo VALUES(634,'Relação entre literatura e contexto histórico-social.',76);
INSERT INTO conteudo VALUES(635,'Escrita de resenhas e críticas literárias.',77);
INSERT INTO conteudo VALUES(636,'Produção de textos narrativos e dissertativos.',77);
INSERT INTO conteudo VALUES(637,'Técnicas de argumentação e coesão textual.',77);
INSERT INTO conteudo VALUES(638,'Escrita criativa: poesia, conto, crônica.',77);
INSERT INTO conteudo VALUES(639,'Análise comparativa entre textos literários.',77);
CREATE TABLE peso (
	id_materia_peso INTEGER NOT NULL, 
	peso INTEGER, 
	id_formulario INTEGER, 
	id_materia INTEGER, 
	PRIMARY KEY (id_materia_peso), 
	FOREIGN KEY(id_formulario) REFERENCES formulario (id_formulario), 
	FOREIGN KEY(id_materia) REFERENCES materia (id_materia)
);
CREATE TABLE progresso (
	id_progresso INTEGER NOT NULL, 
	concluido INTEGER, 
	tempo_estudado FLOAT, 
	id_usuario INTEGER, 
	id_assunto INTEGER, 
	PRIMARY KEY (id_progresso), 
	FOREIGN KEY(id_assunto) REFERENCES assunto (id_assunto), 
	FOREIGN KEY(id_usuario) REFERENCES usuario (id)
);
COMMIT;
